blog_title,site,target_keyword,search_intent,audience,publish_date,social_promotion_dates,internal_links,cta,schema_type,status
"What Happens at a Police Station Interview?","policestationagent.com","police station interview UK","informational","Clients and instructing solicitors","2026-06-10","2026-06-10","/contact; /kent-police-station-representative","Request Police Station Cover","Article","draft"
"Should I Answer Questions or Go No Comment in a Police Interview?","policestationagent.com","no comment police interview","informational","Clients and junior practitioners","2026-06-10","2026-06-10","/contact; /voluntary-police-interview","Call Robert Cashman","Article","draft"
"Voluntary Police Interview: Why You Still Need Legal Advice","policestationagent.com","voluntary police interview legal advice","informational","Clients and solicitors","2026-06-11","2026-06-11","/contact; /voluntary-police-interview","Email Instructions","Article","draft"
"Police Bail Conditions: What They Mean and What to Do","policestationagent.com","police bail conditions UK","informational","Clients and criminal defence firms","2026-06-11","2026-06-11","/contact","Request Police Station Cover","Article","draft"
"Released Under Investigation: Practical Guidance","policestationagent.com","released under investigation","informational","Clients and solicitors","2026-06-12","2026-06-12","/contact","WhatsApp Now","Article","draft"
"Why Criminal Defence Firms Use Freelance Police Station Agents","policestationagent.com","freelance police station agent","commercial","Criminal defence firms","2026-06-12","2026-06-12","/contact; /kent-police-station-representative","Request Police Station Cover","Article","draft"
"Police Station Cover in Kent: What Solicitors Need to Know","policestationagent.com","police station cover Kent","local/commercial","Kent criminal defence firms","2026-06-13","2026-06-13","/kent-police-station-representative; /medway-police-station-representative; /contact","Request Police Station Cover","Article","draft"
"What to Send When Instructing a Police Station Representative","policestationagent.com","instruct police station representative","informational","Criminal defence firms","2026-06-13","2026-06-13","/contact","Email Instructions","Article","draft"
"Custody Record Numbers and DSCC References Explained","policestationagent.com","DSCC reference custody record","informational","Solicitors and reps","2026-06-14","2026-06-14","/contact","Request Police Station Cover","Article","draft"
"How Police Station Legal Advice Works Out of Hours","policestationagent.com","out of hours police station solicitor","informational","Firms and public","2026-06-14","2026-06-14","/contact","Call Robert Cashman","Article","draft"
"How to Find a Police Station Representative Quickly","policestationrepuk.org","find police station representative","informational","Criminal defence firms","2026-06-15","2026-06-15","/search; /register","Find a Police Station Rep","Article","draft"
"How to Register as a Police Station Rep","policestationrepuk.org","register police station rep","transactional","Accredited reps","2026-06-15","2026-06-15","/register; /faq","Register as a Police Station Rep","Article","draft"
"What Solicitors Look for in a Reliable Police Station Agent","policestationrepuk.org","reliable police station agent","informational","Reps and firms","2026-06-16","2026-06-16","/register","Join the Directory","Article","draft"
"Police Station Rep Coverage: Why Location Matters","policestationrepuk.org","police station rep coverage","informational","Solicitors and reps","2026-06-16","2026-06-16","/kent-police-station-reps; /london-police-station-reps","Find a Police Station Rep","Article","draft"
"How to Keep Your Police Station Rep Directory Profile Useful","policestationrepuk.org","police station rep directory profile","informational","Registered reps","2026-06-17","2026-06-17","/register; /update","Update Your Details","Article","draft"
"Police Station Reps in Kent: Coverage and Availability","policestationrepuk.org","police station reps Kent","local","Kent firms","2026-06-17","2026-06-17","/kent-police-station-reps","Find a Police Station Rep","Article","draft"
"Police Station Reps in London: Practical Directory Guidance","policestationrepuk.org","police station reps London","local","London firms","2026-06-18","2026-06-18","/london-police-station-reps","Find a Police Station Rep","Article","draft"
"Why Accredited Police Station Representatives Should Maintain Clear Availability","policestationrepuk.org","police station rep availability","informational","Accredited reps","2026-06-18","2026-06-18","/register","Update Your Details","Article","draft"
"How Criminal Defence Firms Can Use a Rep Directory Effectively","policestationrepuk.org","police station rep directory firms","informational","Criminal defence firms","2026-06-19","2026-06-19","/search","Find a Police Station Rep","Article","draft"
"Emergency Police Station Cover: Practical Tips for Firms","policestationrepuk.org","emergency police station cover","informational","Criminal defence firms","2026-06-19","2026-06-19","/search; /contact","Find a Police Station Rep","Article","draft"
"How to Become a Police Station Representative","psrtrain.com","become police station representative","informational","Trainee reps","2026-06-20","2026-06-20","/police-station-representative-training; /contact","Register Interest","Article","draft"
"PACE Interview Basics for New Police Station Reps","psrtrain.com","PACE interview training reps","informational","Trainee reps","2026-06-20","2026-06-20","/pace-interview-training","Book Training","Article","draft"
"Understanding the Police Caution","psrtrain.com","police caution explained","informational","Trainees and SQE learners","2026-06-21","2026-06-21","/criminal-defence-training","Download Training Guide","Article","draft"
"Advising on a No Comment Interview","psrtrain.com","no comment interview training","informational","Trainee reps","2026-06-21","2026-06-21","/no-comment-interview-training","Book Training","Article","draft"
"Youth Suspects at the Police Station","psrtrain.com","youth suspect police station training","informational","Trainee reps","2026-06-22","2026-06-22","/youth-suspect-interview-training","Register Interest","Article","draft"
"Vulnerable Suspects and Police Interviews","psrtrain.com","vulnerable suspect interview training","informational","Trainee reps","2026-06-22","2026-06-22","/vulnerable-suspect-interview-training","Book Training","Article","draft"
"Police Station Accreditation: Practical Preparation","psrtrain.com","police station accreditation preparation","informational","Accreditation candidates","2026-06-23","2026-06-23","/police-station-accreditation-support","Join Course Updates","Article","draft"
"Common Mistakes New Police Station Reps Make","psrtrain.com","police station rep mistakes","informational","Trainee reps","2026-06-23","2026-06-23","/police-station-representative-training","Download Training Guide","Article","draft"
"How to Structure Police Station Advice","psrtrain.com","structure police station advice","informational","Trainee reps","2026-06-24","2026-06-24","/pace-interview-training","Book Training","Article","draft"
"SQE Criminal Practice: Police Station Interview Basics","psrtrain.com","SQE criminal practice police station","informational","SQE learners","2026-06-24","2026-06-24","/sqe-criminal-practice-training","Register Interest","Article","draft"
"How to Write a Proper Police Station Attendance Note","custodynote.com","police station attendance note","informational","Solicitors and reps","2026-06-25","2026-06-25","/how-to-write-attendance-notes; /trial","Try CustodyNote","Article","draft"
"What Should Go in a Custody Note?","custodynote.com","custody note contents","informational","Criminal defence professionals","2026-06-25","2026-06-25","/custody-note-template; /what-must-be-included-in-attendance-notes","Download Template","Article","draft"
"Police Interview Note-Taking: Practical Checklist","custodynote.com","police interview note taking","informational","Reps and duty solicitors","2026-06-26","2026-06-26","/pace-interview-note-template; /police-station-interview-notes","Try CustodyNote","Article","draft"
"DSCC References, Custody Records and Attendance Notes","custodynote.com","DSCC attendance note","informational","Solicitors and reps","2026-06-26","2026-06-26","/dscc-attendance-note-workflow; /glossary/custody-record","Try CustodyNote","Article","draft"
"Police Bail Notes: What to Record","custodynote.com","police bail attendance note","informational","Criminal defence professionals","2026-06-27","2026-06-27","/police-bail-note-template; /bail-rui-follow-up-checklist","Download Template","Article","draft"
"RUI Notes: What Criminal Practitioners Should Keep","custodynote.com","RUI attendance note","informational","Solicitors and reps","2026-06-27","2026-06-27","/rui-note-template; /bail-rui-follow-up-checklist","Download Template","Article","draft"
"Why Good Attendance Notes Matter in Criminal Defence","custodynote.com","attendance notes criminal defence","informational","Firms and freelancers","2026-06-28","2026-06-28","/demo; /why-switch","Request Demo","Article","draft"
"AI-Assisted Custody Notes: Benefits and Limits","custodynote.com","AI custody note","informational","Tech-curious firms","2026-06-28","2026-06-28","/ai-custody-note-tool; /features","Try CustodyNote","Article","draft"
"Police Station File Preparation Checklist","custodynote.com","police station file preparation","informational","Solicitors and reps","2026-06-29","2026-06-29","/criminal-defence-file-review-checklist; /trial","Download Template","Article","draft"
"Attendance Note Template for Police Station Representatives","custodynote.com","attendance note template police station rep","informational","Police station reps","2026-06-29","2026-06-29","/attendance-note-template-uk; /police-station-reps","Download Template","Article","draft"