channel,site,blog_title,post_text,link,suggested_date,suggested_time,status,notes
"LinkedIn","policestationagent.com","What Happens at a Police Station Interview?","What Happens at a Police Station Interview?  Practical overview of a PACE police station interview in England and Wales: custody, disclosure, legal advice, the interview room, and outcomes.  Read more: https://policestationagent.com/blog/what-happens-at-a-police-station-interview  #CriminalDefence #PoliceStation #UKLaw","https://policestationagent.com/blog/what-happens-at-a-police-station-interview","2026-06-10","09:30","draft","Generated draft — review before scheduling"
"Facebook","policestationagent.com","What Happens at a Police Station Interview?","What Happens at a Police Station Interview?  Practical overview of a PACE police station interview in England and Wales: custody, disclosure, legal advice, the interview room, and outcomes.  Read more: https://policestationagent.com/blog/what-happens-at-a-police-station-interview  #CriminalDefence #PoliceStation #UKLaw","https://policestationagent.com/blog/what-happens-at-a-police-station-interview","2026-06-12","09:30","draft","Generated draft — review before scheduling"
"X/Twitter","policestationagent.com","What Happens at a Police Station Interview?","What Happens at a Police Station Interview? — practical UK criminal defence guidance. https://policestationagent.com/blog/what-happens-at-a-police-station-interview","https://policestationagent.com/blog/what-happens-at-a-police-station-interview","2026-06-14","12:30","draft","Generated draft — review before scheduling"
"LinkedIn","policestationagent.com","Should I Answer Questions or Go No Comment in a Police Interview?","Should I Answer Questions or Go No Comment in a Police Interview?  How criminal defence advisers approach answer, no comment, and prepared statements at police interviews. General guidance — not case-specific advice.  Read more: https://policestationagent.com/blog/should-i-answer-questions-or-go-no-comment-in-a-police-interview  #CriminalDefence #PoliceStation #UKLaw","https://policestationagent.com/blog/should-i-answer-questions-or-go-no-comment-in-a-police-interview","2026-06-10","09:30","draft","Generated draft — review before scheduling"
"Facebook","policestationagent.com","Should I Answer Questions or Go No Comment in a Police Interview?","Should I Answer Questions or Go No Comment in a Police Interview?  How criminal defence advisers approach answer, no comment, and prepared statements at police interviews. General guidance — not case-specific advice.  Read more: https://policestationagent.com/blog/should-i-answer-questions-or-go-no-comment-in-a-police-interview  #CriminalDefence #PoliceStation #UKLaw","https://policestationagent.com/blog/should-i-answer-questions-or-go-no-comment-in-a-police-interview","2026-06-12","09:30","draft","Generated draft — review before scheduling"
"X/Twitter","policestationagent.com","Should I Answer Questions or Go No Comment in a Police Interview?","Should I Answer Questions or Go No Comment in a Police Interview? — practical UK criminal defence guidance. https://policestationagent.com/blog/should-i-answer-questions-or-go-no-comment-in-a-police-interview","https://policestationagent.com/blog/should-i-answer-questions-or-go-no-comment-in-a-police-interview","2026-06-14","12:30","draft","Generated draft — review before scheduling"
"LinkedIn","policestationagent.com","Voluntary Police Interview: Why You Still Need Legal Advice","Voluntary Police Interview: Why You Still Need Legal Advice  Voluntary attendance at a police station is still a PACE interview. Why legal advice matters, what to expect, and how to instruct a representative.  Read more: https://policestationagent.com/blog/voluntary-police-interview-why-you-still-need-legal-advice  #CriminalDefence #PoliceStation #UKLaw","https://policestationagent.com/blog/voluntary-police-interview-why-you-still-need-legal-advice","2026-06-11","09:30","draft","Generated draft — review before scheduling"
"Facebook","policestationagent.com","Voluntary Police Interview: Why You Still Need Legal Advice","Voluntary Police Interview: Why You Still Need Legal Advice  Voluntary attendance at a police station is still a PACE interview. Why legal advice matters, what to expect, and how to instruct a representative.  Read more: https://policestationagent.com/blog/voluntary-police-interview-why-you-still-need-legal-advice  #CriminalDefence #PoliceStation #UKLaw","https://policestationagent.com/blog/voluntary-police-interview-why-you-still-need-legal-advice","2026-06-13","09:30","draft","Generated draft — review before scheduling"
"X/Twitter","policestationagent.com","Voluntary Police Interview: Why You Still Need Legal Advice","Voluntary Police Interview: Why You Still Need Legal Advice — practical UK criminal defence guidance. https://policestationagent.com/blog/voluntary-police-interview-why-you-still-need-legal-advice","https://policestationagent.com/blog/voluntary-police-interview-why-you-still-need-legal-advice","2026-06-15","12:30","draft","Generated draft — review before scheduling"
"LinkedIn","policestationagent.com","Police Bail Conditions: What They Mean and What to Do","Police Bail Conditions: What They Mean and What to Do  Understanding police bail dates, conditions, breaches, and variations after a PACE interview. Practical guidance for clients and firms.  Read more: https://policestationagent.com/blog/police-bail-conditions-what-they-mean-and-what-to-do  #CriminalDefence #PoliceStation #UKLaw","https://policestationagent.com/blog/police-bail-conditions-what-they-mean-and-what-to-do","2026-06-11","09:30","draft","Generated draft — review before scheduling"
"Facebook","policestationagent.com","Police Bail Conditions: What They Mean and What to Do","Police Bail Conditions: What They Mean and What to Do  Understanding police bail dates, conditions, breaches, and variations after a PACE interview. Practical guidance for clients and firms.  Read more: https://policestationagent.com/blog/police-bail-conditions-what-they-mean-and-what-to-do  #CriminalDefence #PoliceStation #UKLaw","https://policestationagent.com/blog/police-bail-conditions-what-they-mean-and-what-to-do","2026-06-13","09:30","draft","Generated draft — review before scheduling"
"X/Twitter","policestationagent.com","Police Bail Conditions: What They Mean and What to Do","Police Bail Conditions: What They Mean and What to Do — practical UK criminal defence guidance. https://policestationagent.com/blog/police-bail-conditions-what-they-mean-and-what-to-do","https://policestationagent.com/blog/police-bail-conditions-what-they-mean-and-what-to-do","2026-06-15","12:30","draft","Generated draft — review before scheduling"
"LinkedIn","policestationagent.com","Released Under Investigation: Practical Guidance","Released Under Investigation: Practical Guidance  What RUI means after a police interview, how it differs from bail, and what clients and solicitors should record and monitor.  Read more: https://policestationagent.com/blog/released-under-investigation-practical-guidance  #CriminalDefence #PoliceStation #UKLaw","https://policestationagent.com/blog/released-under-investigation-practical-guidance","2026-06-12","09:30","draft","Generated draft — review before scheduling"
"Facebook","policestationagent.com","Released Under Investigation: Practical Guidance","Released Under Investigation: Practical Guidance  What RUI means after a police interview, how it differs from bail, and what clients and solicitors should record and monitor.  Read more: https://policestationagent.com/blog/released-under-investigation-practical-guidance  #CriminalDefence #PoliceStation #UKLaw","https://policestationagent.com/blog/released-under-investigation-practical-guidance","2026-06-14","09:30","draft","Generated draft — review before scheduling"
"X/Twitter","policestationagent.com","Released Under Investigation: Practical Guidance","Released Under Investigation: Practical Guidance — practical UK criminal defence guidance. https://policestationagent.com/blog/released-under-investigation-practical-guidance","https://policestationagent.com/blog/released-under-investigation-practical-guidance","2026-06-16","12:30","draft","Generated draft — review before scheduling"
"LinkedIn","policestationagent.com","Why Criminal Defence Firms Use Freelance Police Station Agents","Why Criminal Defence Firms Use Freelance Police Station Agents  Capacity, accreditation, geography, and cost: why firms instruct freelance police station representatives and agents.  Read more: https://policestationagent.com/blog/why-criminal-defence-firms-use-freelance-police-station-agents  #CriminalDefence #PoliceStation #UKLaw","https://policestationagent.com/blog/why-criminal-defence-firms-use-freelance-police-station-agents","2026-06-12","09:30","draft","Generated draft — review before scheduling"
"Facebook","policestationagent.com","Why Criminal Defence Firms Use Freelance Police Station Agents","Why Criminal Defence Firms Use Freelance Police Station Agents  Capacity, accreditation, geography, and cost: why firms instruct freelance police station representatives and agents.  Read more: https://policestationagent.com/blog/why-criminal-defence-firms-use-freelance-police-station-agents  #CriminalDefence #PoliceStation #UKLaw","https://policestationagent.com/blog/why-criminal-defence-firms-use-freelance-police-station-agents","2026-06-14","09:30","draft","Generated draft — review before scheduling"
"X/Twitter","policestationagent.com","Why Criminal Defence Firms Use Freelance Police Station Agents","Why Criminal Defence Firms Use Freelance Police Station Agents — practical UK criminal defence guidance. https://policestationagent.com/blog/why-criminal-defence-firms-use-freelance-police-station-agents","https://policestationagent.com/blog/why-criminal-defence-firms-use-freelance-police-station-agents","2026-06-16","12:30","draft","Generated draft — review before scheduling"
"LinkedIn","policestationagent.com","Police Station Cover in Kent: What Solicitors Need to Know","Police Station Cover in Kent: What Solicitors Need to Know  Instructing police station cover in Kent and Medway: stations, DSCC references, accreditation, and practical firm workflows.  Read more: https://policestationagent.com/blog/police-station-cover-in-kent-what-solicitors-need-to-know  #CriminalDefence #PoliceStation #UKLaw","https://policestationagent.com/blog/police-station-cover-in-kent-what-solicitors-need-to-know","2026-06-13","09:30","draft","Generated draft — review before scheduling"
"Facebook","policestationagent.com","Police Station Cover in Kent: What Solicitors Need to Know","Police Station Cover in Kent: What Solicitors Need to Know  Instructing police station cover in Kent and Medway: stations, DSCC references, accreditation, and practical firm workflows.  Read more: https://policestationagent.com/blog/police-station-cover-in-kent-what-solicitors-need-to-know  #CriminalDefence #PoliceStation #UKLaw","https://policestationagent.com/blog/police-station-cover-in-kent-what-solicitors-need-to-know","2026-06-15","09:30","draft","Generated draft — review before scheduling"
"X/Twitter","policestationagent.com","Police Station Cover in Kent: What Solicitors Need to Know","Police Station Cover in Kent: What Solicitors Need to Know — practical UK criminal defence guidance. https://policestationagent.com/blog/police-station-cover-in-kent-what-solicitors-need-to-know","https://policestationagent.com/blog/police-station-cover-in-kent-what-solicitors-need-to-know","2026-06-17","12:30","draft","Generated draft — review before scheduling"
"LinkedIn","policestationagent.com","What to Send When Instructing a Police Station Representative","What to Send When Instructing a Police Station Representative  Checklist for solicitors instructing freelance police station cover: references, conflicts, disclosure, and billing details.  Read more: https://policestationagent.com/blog/what-to-send-when-instructing-a-police-station-representative  #CriminalDefence #PoliceStation #UKLaw","https://policestationagent.com/blog/what-to-send-when-instructing-a-police-station-representative","2026-06-13","09:30","draft","Generated draft — review before scheduling"
"Facebook","policestationagent.com","What to Send When Instructing a Police Station Representative","What to Send When Instructing a Police Station Representative  Checklist for solicitors instructing freelance police station cover: references, conflicts, disclosure, and billing details.  Read more: https://policestationagent.com/blog/what-to-send-when-instructing-a-police-station-representative  #CriminalDefence #PoliceStation #UKLaw","https://policestationagent.com/blog/what-to-send-when-instructing-a-police-station-representative","2026-06-15","09:30","draft","Generated draft — review before scheduling"
"X/Twitter","policestationagent.com","What to Send When Instructing a Police Station Representative","What to Send When Instructing a Police Station Representative — practical UK criminal defence guidance. https://policestationagent.com/blog/what-to-send-when-instructing-a-police-station-representative","https://policestationagent.com/blog/what-to-send-when-instructing-a-police-station-representative","2026-06-17","12:30","draft","Generated draft — review before scheduling"
"LinkedIn","policestationagent.com","Custody Record Numbers and DSCC References Explained","Custody Record Numbers and DSCC References Explained  How DSCC references and custody record numbers identify police station attendances for legal aid and firm records.  Read more: https://policestationagent.com/blog/custody-record-numbers-and-dscc-references-explained  #CriminalDefence #PoliceStation #UKLaw","https://policestationagent.com/blog/custody-record-numbers-and-dscc-references-explained","2026-06-14","09:30","draft","Generated draft — review before scheduling"
"Facebook","policestationagent.com","Custody Record Numbers and DSCC References Explained","Custody Record Numbers and DSCC References Explained  How DSCC references and custody record numbers identify police station attendances for legal aid and firm records.  Read more: https://policestationagent.com/blog/custody-record-numbers-and-dscc-references-explained  #CriminalDefence #PoliceStation #UKLaw","https://policestationagent.com/blog/custody-record-numbers-and-dscc-references-explained","2026-06-16","09:30","draft","Generated draft — review before scheduling"
"X/Twitter","policestationagent.com","Custody Record Numbers and DSCC References Explained","Custody Record Numbers and DSCC References Explained — practical UK criminal defence guidance. https://policestationagent.com/blog/custody-record-numbers-and-dscc-references-explained","https://policestationagent.com/blog/custody-record-numbers-and-dscc-references-explained","2026-06-18","12:30","draft","Generated draft — review before scheduling"
"LinkedIn","policestationagent.com","How Police Station Legal Advice Works Out of Hours","How Police Station Legal Advice Works Out of Hours  How firms and the DSCC arrange police station representation overnight and at weekends in England and Wales.  Read more: https://policestationagent.com/blog/how-police-station-legal-advice-works-out-of-hours  #CriminalDefence #PoliceStation #UKLaw","https://policestationagent.com/blog/how-police-station-legal-advice-works-out-of-hours","2026-06-14","09:30","draft","Generated draft — review before scheduling"
"Facebook","policestationagent.com","How Police Station Legal Advice Works Out of Hours","How Police Station Legal Advice Works Out of Hours  How firms and the DSCC arrange police station representation overnight and at weekends in England and Wales.  Read more: https://policestationagent.com/blog/how-police-station-legal-advice-works-out-of-hours  #CriminalDefence #PoliceStation #UKLaw","https://policestationagent.com/blog/how-police-station-legal-advice-works-out-of-hours","2026-06-16","09:30","draft","Generated draft — review before scheduling"
"X/Twitter","policestationagent.com","How Police Station Legal Advice Works Out of Hours","How Police Station Legal Advice Works Out of Hours — practical UK criminal defence guidance. https://policestationagent.com/blog/how-police-station-legal-advice-works-out-of-hours","https://policestationagent.com/blog/how-police-station-legal-advice-works-out-of-hours","2026-06-18","12:30","draft","Generated draft — review before scheduling"
"LinkedIn","policestationrepuk.org","How to Find a Police Station Representative Quickly","How to Find a Police Station Representative Quickly  Practical steps for solicitors to locate accredited police station cover: directories, DSCC, firms, and availability checks.  Read more: https://policestationrepuk.org/blog/how-to-find-a-police-station-representative-quickly  #CriminalDefence #PoliceStation #UKLaw","https://policestationrepuk.org/blog/how-to-find-a-police-station-representative-quickly","2026-06-15","09:30","draft","Generated draft — review before scheduling"
"Facebook","policestationrepuk.org","How to Find a Police Station Representative Quickly","How to Find a Police Station Representative Quickly  Practical steps for solicitors to locate accredited police station cover: directories, DSCC, firms, and availability checks.  Read more: https://policestationrepuk.org/blog/how-to-find-a-police-station-representative-quickly  #CriminalDefence #PoliceStation #UKLaw","https://policestationrepuk.org/blog/how-to-find-a-police-station-representative-quickly","2026-06-17","09:30","draft","Generated draft — review before scheduling"
"X/Twitter","policestationrepuk.org","How to Find a Police Station Representative Quickly","How to Find a Police Station Representative Quickly — practical UK criminal defence guidance. https://policestationrepuk.org/blog/how-to-find-a-police-station-representative-quickly","https://policestationrepuk.org/blog/how-to-find-a-police-station-representative-quickly","2026-06-19","12:30","draft","Generated draft — review before scheduling"
"LinkedIn","policestationrepuk.org","How to Register as a Police Station Rep","How to Register as a Police Station Rep  Steps for accredited representatives to join a police station rep directory: profile fields, areas covered, and keeping availability current.  Read more: https://policestationrepuk.org/blog/how-to-register-as-a-police-station-rep  #CriminalDefence #PoliceStation #UKLaw","https://policestationrepuk.org/blog/how-to-register-as-a-police-station-rep","2026-06-15","09:30","draft","Generated draft — review before scheduling"
"Facebook","policestationrepuk.org","How to Register as a Police Station Rep","How to Register as a Police Station Rep  Steps for accredited representatives to join a police station rep directory: profile fields, areas covered, and keeping availability current.  Read more: https://policestationrepuk.org/blog/how-to-register-as-a-police-station-rep  #CriminalDefence #PoliceStation #UKLaw","https://policestationrepuk.org/blog/how-to-register-as-a-police-station-rep","2026-06-17","09:30","draft","Generated draft — review before scheduling"
"X/Twitter","policestationrepuk.org","How to Register as a Police Station Rep","How to Register as a Police Station Rep — practical UK criminal defence guidance. https://policestationrepuk.org/blog/how-to-register-as-a-police-station-rep","https://policestationrepuk.org/blog/how-to-register-as-a-police-station-rep","2026-06-19","12:30","draft","Generated draft — review before scheduling"
"LinkedIn","policestationrepuk.org","What Solicitors Look for in a Reliable Police Station Agent","What Solicitors Look for in a Reliable Police Station Agent  Responsiveness, accreditation, note quality, and geography: what firms expect from freelance police station representatives.  Read more: https://policestationrepuk.org/blog/what-solicitors-look-for-in-a-reliable-police-station-agent  #CriminalDefence #PoliceStation #UKLaw","https://policestationrepuk.org/blog/what-solicitors-look-for-in-a-reliable-police-station-agent","2026-06-16","09:30","draft","Generated draft — review before scheduling"
"Facebook","policestationrepuk.org","What Solicitors Look for in a Reliable Police Station Agent","What Solicitors Look for in a Reliable Police Station Agent  Responsiveness, accreditation, note quality, and geography: what firms expect from freelance police station representatives.  Read more: https://policestationrepuk.org/blog/what-solicitors-look-for-in-a-reliable-police-station-agent  #CriminalDefence #PoliceStation #UKLaw","https://policestationrepuk.org/blog/what-solicitors-look-for-in-a-reliable-police-station-agent","2026-06-18","09:30","draft","Generated draft — review before scheduling"
"X/Twitter","policestationrepuk.org","What Solicitors Look for in a Reliable Police Station Agent","What Solicitors Look for in a Reliable Police Station Agent — practical UK criminal defence guidance. https://policestationrepuk.org/blog/what-solicitors-look-for-in-a-reliable-police-station-agent","https://policestationrepuk.org/blog/what-solicitors-look-for-in-a-reliable-police-station-agent","2026-06-20","12:30","draft","Generated draft — review before scheduling"
"LinkedIn","policestationrepuk.org","Police Station Rep Coverage: Why Location Matters","Police Station Rep Coverage: Why Location Matters  Geographic coverage, travel time, and station knowledge for police station representatives across England and Wales.  Read more: https://policestationrepuk.org/blog/police-station-rep-coverage-why-location-matters  #CriminalDefence #PoliceStation #UKLaw","https://policestationrepuk.org/blog/police-station-rep-coverage-why-location-matters","2026-06-16","09:30","draft","Generated draft — review before scheduling"
"Facebook","policestationrepuk.org","Police Station Rep Coverage: Why Location Matters","Police Station Rep Coverage: Why Location Matters  Geographic coverage, travel time, and station knowledge for police station representatives across England and Wales.  Read more: https://policestationrepuk.org/blog/police-station-rep-coverage-why-location-matters  #CriminalDefence #PoliceStation #UKLaw","https://policestationrepuk.org/blog/police-station-rep-coverage-why-location-matters","2026-06-18","09:30","draft","Generated draft — review before scheduling"
"X/Twitter","policestationrepuk.org","Police Station Rep Coverage: Why Location Matters","Police Station Rep Coverage: Why Location Matters — practical UK criminal defence guidance. https://policestationrepuk.org/blog/police-station-rep-coverage-why-location-matters","https://policestationrepuk.org/blog/police-station-rep-coverage-why-location-matters","2026-06-20","12:30","draft","Generated draft — review before scheduling"
"LinkedIn","policestationrepuk.org","How to Keep Your Police Station Rep Directory Profile Useful","How to Keep Your Police Station Rep Directory Profile Useful  Update availability, stations covered, accreditation expiry, and contact details on your police station rep listing.  Read more: https://policestationrepuk.org/blog/how-to-keep-your-police-station-rep-directory-profile-useful  #CriminalDefence #PoliceStation #UKLaw","https://policestationrepuk.org/blog/how-to-keep-your-police-station-rep-directory-profile-useful","2026-06-17","09:30","draft","Generated draft — review before scheduling"
"Facebook","policestationrepuk.org","How to Keep Your Police Station Rep Directory Profile Useful","How to Keep Your Police Station Rep Directory Profile Useful  Update availability, stations covered, accreditation expiry, and contact details on your police station rep listing.  Read more: https://policestationrepuk.org/blog/how-to-keep-your-police-station-rep-directory-profile-useful  #CriminalDefence #PoliceStation #UKLaw","https://policestationrepuk.org/blog/how-to-keep-your-police-station-rep-directory-profile-useful","2026-06-19","09:30","draft","Generated draft — review before scheduling"
"X/Twitter","policestationrepuk.org","How to Keep Your Police Station Rep Directory Profile Useful","How to Keep Your Police Station Rep Directory Profile Useful — practical UK criminal defence guidance. https://policestationrepuk.org/blog/how-to-keep-your-police-station-rep-directory-profile-useful","https://policestationrepuk.org/blog/how-to-keep-your-police-station-rep-directory-profile-useful","2026-06-21","12:30","draft","Generated draft — review before scheduling"
"LinkedIn","policestationrepuk.org","Police Station Reps in Kent: Coverage and Availability","Police Station Reps in Kent: Coverage and Availability  Finding accredited police station representatives in Kent: stations, travel, and directory tips for instructing firms.  Read more: https://policestationrepuk.org/blog/police-station-reps-in-kent-coverage-and-availability  #CriminalDefence #PoliceStation #UKLaw","https://policestationrepuk.org/blog/police-station-reps-in-kent-coverage-and-availability","2026-06-17","09:30","draft","Generated draft — review before scheduling"
"Facebook","policestationrepuk.org","Police Station Reps in Kent: Coverage and Availability","Police Station Reps in Kent: Coverage and Availability  Finding accredited police station representatives in Kent: stations, travel, and directory tips for instructing firms.  Read more: https://policestationrepuk.org/blog/police-station-reps-in-kent-coverage-and-availability  #CriminalDefence #PoliceStation #UKLaw","https://policestationrepuk.org/blog/police-station-reps-in-kent-coverage-and-availability","2026-06-19","09:30","draft","Generated draft — review before scheduling"
"X/Twitter","policestationrepuk.org","Police Station Reps in Kent: Coverage and Availability","Police Station Reps in Kent: Coverage and Availability — practical UK criminal defence guidance. https://policestationrepuk.org/blog/police-station-reps-in-kent-coverage-and-availability","https://policestationrepuk.org/blog/police-station-reps-in-kent-coverage-and-availability","2026-06-21","12:30","draft","Generated draft — review before scheduling"
"LinkedIn","policestationrepuk.org","Police Station Reps in London: Practical Directory Guidance","Police Station Reps in London: Practical Directory Guidance  High-volume London custody work: using a rep directory, borough coverage, and instructing efficiently.  Read more: https://policestationrepuk.org/blog/police-station-reps-in-london-practical-directory-guidance  #CriminalDefence #PoliceStation #UKLaw","https://policestationrepuk.org/blog/police-station-reps-in-london-practical-directory-guidance","2026-06-18","09:30","draft","Generated draft — review before scheduling"
"Facebook","policestationrepuk.org","Police Station Reps in London: Practical Directory Guidance","Police Station Reps in London: Practical Directory Guidance  High-volume London custody work: using a rep directory, borough coverage, and instructing efficiently.  Read more: https://policestationrepuk.org/blog/police-station-reps-in-london-practical-directory-guidance  #CriminalDefence #PoliceStation #UKLaw","https://policestationrepuk.org/blog/police-station-reps-in-london-practical-directory-guidance","2026-06-20","09:30","draft","Generated draft — review before scheduling"
"X/Twitter","policestationrepuk.org","Police Station Reps in London: Practical Directory Guidance","Police Station Reps in London: Practical Directory Guidance — practical UK criminal defence guidance. https://policestationrepuk.org/blog/police-station-reps-in-london-practical-directory-guidance","https://policestationrepuk.org/blog/police-station-reps-in-london-practical-directory-guidance","2026-06-22","12:30","draft","Generated draft — review before scheduling"
"LinkedIn","policestationrepuk.org","Why Accredited Police Station Representatives Should Maintain Clear Availability","Why Accredited Police Station Representatives Should Maintain Clear Availability  Accurate availability on rep directories reduces missed cover and protects professional reputation.  Read more: https://policestationrepuk.org/blog/why-accredited-police-station-representatives-should-maintain-clear-availability  #CriminalDefence #PoliceStation #UKLaw","https://policestationrepuk.org/blog/why-accredited-police-station-representatives-should-maintain-clear-availability","2026-06-18","09:30","draft","Generated draft — review before scheduling"
"Facebook","policestationrepuk.org","Why Accredited Police Station Representatives Should Maintain Clear Availability","Why Accredited Police Station Representatives Should Maintain Clear Availability  Accurate availability on rep directories reduces missed cover and protects professional reputation.  Read more: https://policestationrepuk.org/blog/why-accredited-police-station-representatives-should-maintain-clear-availability  #CriminalDefence #PoliceStation #UKLaw","https://policestationrepuk.org/blog/why-accredited-police-station-representatives-should-maintain-clear-availability","2026-06-20","09:30","draft","Generated draft — review before scheduling"
"X/Twitter","policestationrepuk.org","Why Accredited Police Station Representatives Should Maintain Clear Availability","Why Accredited Police Station Representatives Should Maintain Clear Availability — practical UK criminal defence guidance. https://policestationrepuk.org/blog/why-accredited-police-station-representatives-should-maintain-clear-availability","https://policestationrepuk.org/blog/why-accredited-police-station-representatives-should-maintain-clear-availability","2026-06-22","12:30","draft","Generated draft — review before scheduling"
"LinkedIn","policestationrepuk.org","How Criminal Defence Firms Can Use a Rep Directory Effectively","How Criminal Defence Firms Can Use a Rep Directory Effectively  Workflow tips for criminal defence firms searching rep directories for emergency and planned police station cover.  Read more: https://policestationrepuk.org/blog/how-criminal-defence-firms-can-use-a-rep-directory-effectively  #CriminalDefence #PoliceStation #UKLaw","https://policestationrepuk.org/blog/how-criminal-defence-firms-can-use-a-rep-directory-effectively","2026-06-19","09:30","draft","Generated draft — review before scheduling"
"Facebook","policestationrepuk.org","How Criminal Defence Firms Can Use a Rep Directory Effectively","How Criminal Defence Firms Can Use a Rep Directory Effectively  Workflow tips for criminal defence firms searching rep directories for emergency and planned police station cover.  Read more: https://policestationrepuk.org/blog/how-criminal-defence-firms-can-use-a-rep-directory-effectively  #CriminalDefence #PoliceStation #UKLaw","https://policestationrepuk.org/blog/how-criminal-defence-firms-can-use-a-rep-directory-effectively","2026-06-21","09:30","draft","Generated draft — review before scheduling"
"X/Twitter","policestationrepuk.org","How Criminal Defence Firms Can Use a Rep Directory Effectively","How Criminal Defence Firms Can Use a Rep Directory Effectively — practical UK criminal defence guidance. https://policestationrepuk.org/blog/how-criminal-defence-firms-can-use-a-rep-directory-effectively","https://policestationrepuk.org/blog/how-criminal-defence-firms-can-use-a-rep-directory-effectively","2026-06-23","12:30","draft","Generated draft — review before scheduling"
"LinkedIn","policestationrepuk.org","Emergency Police Station Cover: Practical Tips for Firms","Emergency Police Station Cover: Practical Tips for Firms  When duty staff are unavailable: practical steps to secure urgent police station representation.  Read more: https://policestationrepuk.org/blog/emergency-police-station-cover-practical-tips-for-firms  #CriminalDefence #PoliceStation #UKLaw","https://policestationrepuk.org/blog/emergency-police-station-cover-practical-tips-for-firms","2026-06-19","09:30","draft","Generated draft — review before scheduling"
"Facebook","policestationrepuk.org","Emergency Police Station Cover: Practical Tips for Firms","Emergency Police Station Cover: Practical Tips for Firms  When duty staff are unavailable: practical steps to secure urgent police station representation.  Read more: https://policestationrepuk.org/blog/emergency-police-station-cover-practical-tips-for-firms  #CriminalDefence #PoliceStation #UKLaw","https://policestationrepuk.org/blog/emergency-police-station-cover-practical-tips-for-firms","2026-06-21","09:30","draft","Generated draft — review before scheduling"
"X/Twitter","policestationrepuk.org","Emergency Police Station Cover: Practical Tips for Firms","Emergency Police Station Cover: Practical Tips for Firms — practical UK criminal defence guidance. https://policestationrepuk.org/blog/emergency-police-station-cover-practical-tips-for-firms","https://policestationrepuk.org/blog/emergency-police-station-cover-practical-tips-for-firms","2026-06-23","12:30","draft","Generated draft — review before scheduling"
"LinkedIn","psrtrain.com","How to Become a Police Station Representative","How to Become a Police Station Representative  Pathway to police station accreditation in England and Wales: training, portfolio, assessment, and practical tips.  Read more: https://psrtrain.com/blog/how-to-become-a-police-station-representative  #CriminalDefence #PoliceStation #UKLaw","https://psrtrain.com/blog/how-to-become-a-police-station-representative","2026-06-20","09:30","draft","Generated draft — review before scheduling"
"Facebook","psrtrain.com","How to Become a Police Station Representative","How to Become a Police Station Representative  Pathway to police station accreditation in England and Wales: training, portfolio, assessment, and practical tips.  Read more: https://psrtrain.com/blog/how-to-become-a-police-station-representative  #CriminalDefence #PoliceStation #UKLaw","https://psrtrain.com/blog/how-to-become-a-police-station-representative","2026-06-22","09:30","draft","Generated draft — review before scheduling"
"X/Twitter","psrtrain.com","How to Become a Police Station Representative","How to Become a Police Station Representative — practical UK criminal defence guidance. https://psrtrain.com/blog/how-to-become-a-police-station-representative","https://psrtrain.com/blog/how-to-become-a-police-station-representative","2026-06-24","12:30","draft","Generated draft — review before scheduling"
"LinkedIn","psrtrain.com","PACE Interview Basics for New Police Station Reps","PACE Interview Basics for New Police Station Reps  Essential PACE Code C and interview room skills for trainee police station representatives.  Read more: https://psrtrain.com/blog/pace-interview-basics-for-new-police-station-reps  #CriminalDefence #PoliceStation #UKLaw","https://psrtrain.com/blog/pace-interview-basics-for-new-police-station-reps","2026-06-20","09:30","draft","Generated draft — review before scheduling"
"Facebook","psrtrain.com","PACE Interview Basics for New Police Station Reps","PACE Interview Basics for New Police Station Reps  Essential PACE Code C and interview room skills for trainee police station representatives.  Read more: https://psrtrain.com/blog/pace-interview-basics-for-new-police-station-reps  #CriminalDefence #PoliceStation #UKLaw","https://psrtrain.com/blog/pace-interview-basics-for-new-police-station-reps","2026-06-22","09:30","draft","Generated draft — review before scheduling"
"X/Twitter","psrtrain.com","PACE Interview Basics for New Police Station Reps","PACE Interview Basics for New Police Station Reps — practical UK criminal defence guidance. https://psrtrain.com/blog/pace-interview-basics-for-new-police-station-reps","https://psrtrain.com/blog/pace-interview-basics-for-new-police-station-reps","2026-06-24","12:30","draft","Generated draft — review before scheduling"
"LinkedIn","psrtrain.com","Understanding the Police Caution","Understanding the Police Caution  Teaching the police caution: wording, significance, and how reps explain it to clients.  Read more: https://psrtrain.com/blog/understanding-the-police-caution  #CriminalDefence #PoliceStation #UKLaw","https://psrtrain.com/blog/understanding-the-police-caution","2026-06-21","09:30","draft","Generated draft — review before scheduling"
"Facebook","psrtrain.com","Understanding the Police Caution","Understanding the Police Caution  Teaching the police caution: wording, significance, and how reps explain it to clients.  Read more: https://psrtrain.com/blog/understanding-the-police-caution  #CriminalDefence #PoliceStation #UKLaw","https://psrtrain.com/blog/understanding-the-police-caution","2026-06-23","09:30","draft","Generated draft — review before scheduling"
"X/Twitter","psrtrain.com","Understanding the Police Caution","Understanding the Police Caution — practical UK criminal defence guidance. https://psrtrain.com/blog/understanding-the-police-caution","https://psrtrain.com/blog/understanding-the-police-caution","2026-06-25","12:30","draft","Generated draft — review before scheduling"
"LinkedIn","psrtrain.com","Advising on a No Comment Interview","Advising on a No Comment Interview  Training notes on no comment strategy, adverse inference, and recording advice for police station reps.  Read more: https://psrtrain.com/blog/advising-on-a-no-comment-interview  #CriminalDefence #PoliceStation #UKLaw","https://psrtrain.com/blog/advising-on-a-no-comment-interview","2026-06-21","09:30","draft","Generated draft — review before scheduling"
"Facebook","psrtrain.com","Advising on a No Comment Interview","Advising on a No Comment Interview  Training notes on no comment strategy, adverse inference, and recording advice for police station reps.  Read more: https://psrtrain.com/blog/advising-on-a-no-comment-interview  #CriminalDefence #PoliceStation #UKLaw","https://psrtrain.com/blog/advising-on-a-no-comment-interview","2026-06-23","09:30","draft","Generated draft — review before scheduling"
"X/Twitter","psrtrain.com","Advising on a No Comment Interview","Advising on a No Comment Interview — practical UK criminal defence guidance. https://psrtrain.com/blog/advising-on-a-no-comment-interview","https://psrtrain.com/blog/advising-on-a-no-comment-interview","2026-06-25","12:30","draft","Generated draft — review before scheduling"
"LinkedIn","psrtrain.com","Youth Suspects at the Police Station","Youth Suspects at the Police Station  Appropriate adults, welfare, and PACE safeguards for under-18 suspects — training overview for reps.  Read more: https://psrtrain.com/blog/youth-suspects-at-the-police-station  #CriminalDefence #PoliceStation #UKLaw","https://psrtrain.com/blog/youth-suspects-at-the-police-station","2026-06-22","09:30","draft","Generated draft — review before scheduling"
"Facebook","psrtrain.com","Youth Suspects at the Police Station","Youth Suspects at the Police Station  Appropriate adults, welfare, and PACE safeguards for under-18 suspects — training overview for reps.  Read more: https://psrtrain.com/blog/youth-suspects-at-the-police-station  #CriminalDefence #PoliceStation #UKLaw","https://psrtrain.com/blog/youth-suspects-at-the-police-station","2026-06-24","09:30","draft","Generated draft — review before scheduling"
"X/Twitter","psrtrain.com","Youth Suspects at the Police Station","Youth Suspects at the Police Station — practical UK criminal defence guidance. https://psrtrain.com/blog/youth-suspects-at-the-police-station","https://psrtrain.com/blog/youth-suspects-at-the-police-station","2026-06-26","12:30","draft","Generated draft — review before scheduling"
"LinkedIn","psrtrain.com","Vulnerable Suspects and Police Interviews","Vulnerable Suspects and Police Interviews  Mental health, learning difficulties, and intermediaries: training for police station representatives.  Read more: https://psrtrain.com/blog/vulnerable-suspects-and-police-interviews  #CriminalDefence #PoliceStation #UKLaw","https://psrtrain.com/blog/vulnerable-suspects-and-police-interviews","2026-06-22","09:30","draft","Generated draft — review before scheduling"
"Facebook","psrtrain.com","Vulnerable Suspects and Police Interviews","Vulnerable Suspects and Police Interviews  Mental health, learning difficulties, and intermediaries: training for police station representatives.  Read more: https://psrtrain.com/blog/vulnerable-suspects-and-police-interviews  #CriminalDefence #PoliceStation #UKLaw","https://psrtrain.com/blog/vulnerable-suspects-and-police-interviews","2026-06-24","09:30","draft","Generated draft — review before scheduling"
"X/Twitter","psrtrain.com","Vulnerable Suspects and Police Interviews","Vulnerable Suspects and Police Interviews — practical UK criminal defence guidance. https://psrtrain.com/blog/vulnerable-suspects-and-police-interviews","https://psrtrain.com/blog/vulnerable-suspects-and-police-interviews","2026-06-26","12:30","draft","Generated draft — review before scheduling"
"LinkedIn","psrtrain.com","Police Station Accreditation: Practical Preparation","Police Station Accreditation: Practical Preparation  Portfolio, critical incidents, and assessment preparation for police station representative accreditation.  Read more: https://psrtrain.com/blog/police-station-accreditation-practical-preparation  #CriminalDefence #PoliceStation #UKLaw","https://psrtrain.com/blog/police-station-accreditation-practical-preparation","2026-06-23","09:30","draft","Generated draft — review before scheduling"
"Facebook","psrtrain.com","Police Station Accreditation: Practical Preparation","Police Station Accreditation: Practical Preparation  Portfolio, critical incidents, and assessment preparation for police station representative accreditation.  Read more: https://psrtrain.com/blog/police-station-accreditation-practical-preparation  #CriminalDefence #PoliceStation #UKLaw","https://psrtrain.com/blog/police-station-accreditation-practical-preparation","2026-06-25","09:30","draft","Generated draft — review before scheduling"
"X/Twitter","psrtrain.com","Police Station Accreditation: Practical Preparation","Police Station Accreditation: Practical Preparation — practical UK criminal defence guidance. https://psrtrain.com/blog/police-station-accreditation-practical-preparation","https://psrtrain.com/blog/police-station-accreditation-practical-preparation","2026-06-27","12:30","draft","Generated draft — review before scheduling"
"LinkedIn","psrtrain.com","Common Mistakes New Police Station Reps Make","Common Mistakes New Police Station Reps Make  Note-taking gaps, advice boundaries, and disclosure errors — training focus for new reps.  Read more: https://psrtrain.com/blog/common-mistakes-new-police-station-reps-make  #CriminalDefence #PoliceStation #UKLaw","https://psrtrain.com/blog/common-mistakes-new-police-station-reps-make","2026-06-23","09:30","draft","Generated draft — review before scheduling"
"Facebook","psrtrain.com","Common Mistakes New Police Station Reps Make","Common Mistakes New Police Station Reps Make  Note-taking gaps, advice boundaries, and disclosure errors — training focus for new reps.  Read more: https://psrtrain.com/blog/common-mistakes-new-police-station-reps-make  #CriminalDefence #PoliceStation #UKLaw","https://psrtrain.com/blog/common-mistakes-new-police-station-reps-make","2026-06-25","09:30","draft","Generated draft — review before scheduling"
"X/Twitter","psrtrain.com","Common Mistakes New Police Station Reps Make","Common Mistakes New Police Station Reps Make — practical UK criminal defence guidance. https://psrtrain.com/blog/common-mistakes-new-police-station-reps-make","https://psrtrain.com/blog/common-mistakes-new-police-station-reps-make","2026-06-27","12:30","draft","Generated draft — review before scheduling"
"LinkedIn","psrtrain.com","How to Structure Police Station Advice","How to Structure Police Station Advice  Consultation frameworks for reps: disclosure, instructions, options, and recording advice clearly.  Read more: https://psrtrain.com/blog/how-to-structure-police-station-advice  #CriminalDefence #PoliceStation #UKLaw","https://psrtrain.com/blog/how-to-structure-police-station-advice","2026-06-24","09:30","draft","Generated draft — review before scheduling"
"Facebook","psrtrain.com","How to Structure Police Station Advice","How to Structure Police Station Advice  Consultation frameworks for reps: disclosure, instructions, options, and recording advice clearly.  Read more: https://psrtrain.com/blog/how-to-structure-police-station-advice  #CriminalDefence #PoliceStation #UKLaw","https://psrtrain.com/blog/how-to-structure-police-station-advice","2026-06-26","09:30","draft","Generated draft — review before scheduling"
"X/Twitter","psrtrain.com","How to Structure Police Station Advice","How to Structure Police Station Advice — practical UK criminal defence guidance. https://psrtrain.com/blog/how-to-structure-police-station-advice","https://psrtrain.com/blog/how-to-structure-police-station-advice","2026-06-28","12:30","draft","Generated draft — review before scheduling"
"LinkedIn","psrtrain.com","SQE Criminal Practice: Police Station Interview Basics","SQE Criminal Practice: Police Station Interview Basics  SQE-focused introduction to police station attendance, PACE, and interview procedure for aspiring solicitors.  Read more: https://psrtrain.com/blog/sqe-criminal-practice-police-station-interview-basics  #CriminalDefence #PoliceStation #UKLaw","https://psrtrain.com/blog/sqe-criminal-practice-police-station-interview-basics","2026-06-24","09:30","draft","Generated draft — review before scheduling"
"Facebook","psrtrain.com","SQE Criminal Practice: Police Station Interview Basics","SQE Criminal Practice: Police Station Interview Basics  SQE-focused introduction to police station attendance, PACE, and interview procedure for aspiring solicitors.  Read more: https://psrtrain.com/blog/sqe-criminal-practice-police-station-interview-basics  #CriminalDefence #PoliceStation #UKLaw","https://psrtrain.com/blog/sqe-criminal-practice-police-station-interview-basics","2026-06-26","09:30","draft","Generated draft — review before scheduling"
"X/Twitter","psrtrain.com","SQE Criminal Practice: Police Station Interview Basics","SQE Criminal Practice: Police Station Interview Basics — practical UK criminal defence guidance. https://psrtrain.com/blog/sqe-criminal-practice-police-station-interview-basics","https://psrtrain.com/blog/sqe-criminal-practice-police-station-interview-basics","2026-06-28","12:30","draft","Generated draft — review before scheduling"
"LinkedIn","custodynote.com","How to Write a Proper Police Station Attendance Note","How to Write a Proper Police Station Attendance Note  Structured approach to UK police station attendance notes: references, disclosure, advice, interview, outcome, and billing fields.  Read more: https://custodynote.com/blog/how-to-write-a-proper-police-station-attendance-note  #CriminalDefence #PoliceStation #UKLaw","https://custodynote.com/blog/how-to-write-a-proper-police-station-attendance-note","2026-06-25","09:30","draft","Generated draft — review before scheduling"
"Facebook","custodynote.com","How to Write a Proper Police Station Attendance Note","How to Write a Proper Police Station Attendance Note  Structured approach to UK police station attendance notes: references, disclosure, advice, interview, outcome, and billing fields.  Read more: https://custodynote.com/blog/how-to-write-a-proper-police-station-attendance-note  #CriminalDefence #PoliceStation #UKLaw","https://custodynote.com/blog/how-to-write-a-proper-police-station-attendance-note","2026-06-27","09:30","draft","Generated draft — review before scheduling"
"X/Twitter","custodynote.com","How to Write a Proper Police Station Attendance Note","How to Write a Proper Police Station Attendance Note — practical UK criminal defence guidance. https://custodynote.com/blog/how-to-write-a-proper-police-station-attendance-note","https://custodynote.com/blog/how-to-write-a-proper-police-station-attendance-note","2026-06-29","12:30","draft","Generated draft — review before scheduling"
"LinkedIn","custodynote.com","What Should Go in a Custody Note?","What Should Go in a Custody Note?  Essential fields for a custody note: PACE compliance, firm expectations, and LAA-oriented record keeping.  Read more: https://custodynote.com/blog/what-should-go-in-a-custody-note  #CriminalDefence #PoliceStation #UKLaw","https://custodynote.com/blog/what-should-go-in-a-custody-note","2026-06-25","09:30","draft","Generated draft — review before scheduling"
"Facebook","custodynote.com","What Should Go in a Custody Note?","What Should Go in a Custody Note?  Essential fields for a custody note: PACE compliance, firm expectations, and LAA-oriented record keeping.  Read more: https://custodynote.com/blog/what-should-go-in-a-custody-note  #CriminalDefence #PoliceStation #UKLaw","https://custodynote.com/blog/what-should-go-in-a-custody-note","2026-06-27","09:30","draft","Generated draft — review before scheduling"
"X/Twitter","custodynote.com","What Should Go in a Custody Note?","What Should Go in a Custody Note? — practical UK criminal defence guidance. https://custodynote.com/blog/what-should-go-in-a-custody-note","https://custodynote.com/blog/what-should-go-in-a-custody-note","2026-06-29","12:30","draft","Generated draft — review before scheduling"
"LinkedIn","custodynote.com","Police Interview Note-Taking: Practical Checklist","Police Interview Note-Taking: Practical Checklist  Checklist for recording PACE interviews in attendance notes: times, officers, topics, and interventions.  Read more: https://custodynote.com/blog/police-interview-note-taking-practical-checklist  #CriminalDefence #PoliceStation #UKLaw","https://custodynote.com/blog/police-interview-note-taking-practical-checklist","2026-06-26","09:30","draft","Generated draft — review before scheduling"
"Facebook","custodynote.com","Police Interview Note-Taking: Practical Checklist","Police Interview Note-Taking: Practical Checklist  Checklist for recording PACE interviews in attendance notes: times, officers, topics, and interventions.  Read more: https://custodynote.com/blog/police-interview-note-taking-practical-checklist  #CriminalDefence #PoliceStation #UKLaw","https://custodynote.com/blog/police-interview-note-taking-practical-checklist","2026-06-28","09:30","draft","Generated draft — review before scheduling"
"X/Twitter","custodynote.com","Police Interview Note-Taking: Practical Checklist","Police Interview Note-Taking: Practical Checklist — practical UK criminal defence guidance. https://custodynote.com/blog/police-interview-note-taking-practical-checklist","https://custodynote.com/blog/police-interview-note-taking-practical-checklist","2026-06-30","12:30","draft","Generated draft — review before scheduling"
"LinkedIn","custodynote.com","DSCC References, Custody Records and Attendance Notes","DSCC References, Custody Records and Attendance Notes  How DSCC references and custody record numbers fit into attendance notes and legal aid billing.  Read more: https://custodynote.com/blog/dscc-references-custody-records-and-attendance-notes  #CriminalDefence #PoliceStation #UKLaw","https://custodynote.com/blog/dscc-references-custody-records-and-attendance-notes","2026-06-26","09:30","draft","Generated draft — review before scheduling"
"Facebook","custodynote.com","DSCC References, Custody Records and Attendance Notes","DSCC References, Custody Records and Attendance Notes  How DSCC references and custody record numbers fit into attendance notes and legal aid billing.  Read more: https://custodynote.com/blog/dscc-references-custody-records-and-attendance-notes  #CriminalDefence #PoliceStation #UKLaw","https://custodynote.com/blog/dscc-references-custody-records-and-attendance-notes","2026-06-28","09:30","draft","Generated draft — review before scheduling"
"X/Twitter","custodynote.com","DSCC References, Custody Records and Attendance Notes","DSCC References, Custody Records and Attendance Notes — practical UK criminal defence guidance. https://custodynote.com/blog/dscc-references-custody-records-and-attendance-notes","https://custodynote.com/blog/dscc-references-custody-records-and-attendance-notes","2026-06-30","12:30","draft","Generated draft — review before scheduling"
"LinkedIn","custodynote.com","Police Bail Notes: What to Record","Police Bail Notes: What to Record  Attendance note fields for police bail outcomes: dates, conditions, reasons given, and client advice.  Read more: https://custodynote.com/blog/police-bail-notes-what-to-record  #CriminalDefence #PoliceStation #UKLaw","https://custodynote.com/blog/police-bail-notes-what-to-record","2026-06-27","09:30","draft","Generated draft — review before scheduling"
"Facebook","custodynote.com","Police Bail Notes: What to Record","Police Bail Notes: What to Record  Attendance note fields for police bail outcomes: dates, conditions, reasons given, and client advice.  Read more: https://custodynote.com/blog/police-bail-notes-what-to-record  #CriminalDefence #PoliceStation #UKLaw","https://custodynote.com/blog/police-bail-notes-what-to-record","2026-06-29","09:30","draft","Generated draft — review before scheduling"
"X/Twitter","custodynote.com","Police Bail Notes: What to Record","Police Bail Notes: What to Record — practical UK criminal defence guidance. https://custodynote.com/blog/police-bail-notes-what-to-record","https://custodynote.com/blog/police-bail-notes-what-to-record","2026-07-01","12:30","draft","Generated draft — review before scheduling"
"LinkedIn","custodynote.com","RUI Notes: What Criminal Practitioners Should Keep","RUI Notes: What Criminal Practitioners Should Keep  What to record when a client is released under investigation after a police station attendance.  Read more: https://custodynote.com/blog/rui-notes-what-criminal-practitioners-should-keep  #CriminalDefence #PoliceStation #UKLaw","https://custodynote.com/blog/rui-notes-what-criminal-practitioners-should-keep","2026-06-27","09:30","draft","Generated draft — review before scheduling"
"Facebook","custodynote.com","RUI Notes: What Criminal Practitioners Should Keep","RUI Notes: What Criminal Practitioners Should Keep  What to record when a client is released under investigation after a police station attendance.  Read more: https://custodynote.com/blog/rui-notes-what-criminal-practitioners-should-keep  #CriminalDefence #PoliceStation #UKLaw","https://custodynote.com/blog/rui-notes-what-criminal-practitioners-should-keep","2026-06-29","09:30","draft","Generated draft — review before scheduling"
"X/Twitter","custodynote.com","RUI Notes: What Criminal Practitioners Should Keep","RUI Notes: What Criminal Practitioners Should Keep — practical UK criminal defence guidance. https://custodynote.com/blog/rui-notes-what-criminal-practitioners-should-keep","https://custodynote.com/blog/rui-notes-what-criminal-practitioners-should-keep","2026-07-01","12:30","draft","Generated draft — review before scheduling"
"LinkedIn","custodynote.com","Why Good Attendance Notes Matter in Criminal Defence","Why Good Attendance Notes Matter in Criminal Defence  Audit, advocacy, billing, and handover: why structured police station attendance notes protect firms and clients.  Read more: https://custodynote.com/blog/why-good-attendance-notes-matter-in-criminal-defence  #CriminalDefence #PoliceStation #UKLaw","https://custodynote.com/blog/why-good-attendance-notes-matter-in-criminal-defence","2026-06-28","09:30","draft","Generated draft — review before scheduling"
"Facebook","custodynote.com","Why Good Attendance Notes Matter in Criminal Defence","Why Good Attendance Notes Matter in Criminal Defence  Audit, advocacy, billing, and handover: why structured police station attendance notes protect firms and clients.  Read more: https://custodynote.com/blog/why-good-attendance-notes-matter-in-criminal-defence  #CriminalDefence #PoliceStation #UKLaw","https://custodynote.com/blog/why-good-attendance-notes-matter-in-criminal-defence","2026-06-30","09:30","draft","Generated draft — review before scheduling"
"X/Twitter","custodynote.com","Why Good Attendance Notes Matter in Criminal Defence","Why Good Attendance Notes Matter in Criminal Defence — practical UK criminal defence guidance. https://custodynote.com/blog/why-good-attendance-notes-matter-in-criminal-defence","https://custodynote.com/blog/why-good-attendance-notes-matter-in-criminal-defence","2026-07-02","12:30","draft","Generated draft — review before scheduling"
"LinkedIn","custodynote.com","AI-Assisted Custody Notes: Benefits and Limits","AI-Assisted Custody Notes: Benefits and Limits  Where AI can assist police station note-taking and where professional judgment must remain human-led.  Read more: https://custodynote.com/blog/ai-assisted-custody-notes-benefits-and-limits  #CriminalDefence #PoliceStation #UKLaw","https://custodynote.com/blog/ai-assisted-custody-notes-benefits-and-limits","2026-06-28","09:30","draft","Generated draft — review before scheduling"
"Facebook","custodynote.com","AI-Assisted Custody Notes: Benefits and Limits","AI-Assisted Custody Notes: Benefits and Limits  Where AI can assist police station note-taking and where professional judgment must remain human-led.  Read more: https://custodynote.com/blog/ai-assisted-custody-notes-benefits-and-limits  #CriminalDefence #PoliceStation #UKLaw","https://custodynote.com/blog/ai-assisted-custody-notes-benefits-and-limits","2026-06-30","09:30","draft","Generated draft — review before scheduling"
"X/Twitter","custodynote.com","AI-Assisted Custody Notes: Benefits and Limits","AI-Assisted Custody Notes: Benefits and Limits — practical UK criminal defence guidance. https://custodynote.com/blog/ai-assisted-custody-notes-benefits-and-limits","https://custodynote.com/blog/ai-assisted-custody-notes-benefits-and-limits","2026-07-02","12:30","draft","Generated draft — review before scheduling"
"LinkedIn","custodynote.com","Police Station File Preparation Checklist","Police Station File Preparation Checklist  From attendance note to firm file: checklist for criminal defence practitioners after police station work.  Read more: https://custodynote.com/blog/police-station-file-preparation-checklist  #CriminalDefence #PoliceStation #UKLaw","https://custodynote.com/blog/police-station-file-preparation-checklist","2026-06-29","09:30","draft","Generated draft — review before scheduling"
"Facebook","custodynote.com","Police Station File Preparation Checklist","Police Station File Preparation Checklist  From attendance note to firm file: checklist for criminal defence practitioners after police station work.  Read more: https://custodynote.com/blog/police-station-file-preparation-checklist  #CriminalDefence #PoliceStation #UKLaw","https://custodynote.com/blog/police-station-file-preparation-checklist","2026-07-01","09:30","draft","Generated draft — review before scheduling"
"X/Twitter","custodynote.com","Police Station File Preparation Checklist","Police Station File Preparation Checklist — practical UK criminal defence guidance. https://custodynote.com/blog/police-station-file-preparation-checklist","https://custodynote.com/blog/police-station-file-preparation-checklist","2026-07-03","12:30","draft","Generated draft — review before scheduling"
"LinkedIn","custodynote.com","Attendance Note Template for Police Station Representatives","Attendance Note Template for Police Station Representatives  Practical template structure for accredited representatives recording police station attendances.  Read more: https://custodynote.com/blog/attendance-note-template-for-police-station-representatives  #CriminalDefence #PoliceStation #UKLaw","https://custodynote.com/blog/attendance-note-template-for-police-station-representatives","2026-06-29","09:30","draft","Generated draft — review before scheduling"
"Facebook","custodynote.com","Attendance Note Template for Police Station Representatives","Attendance Note Template for Police Station Representatives  Practical template structure for accredited representatives recording police station attendances.  Read more: https://custodynote.com/blog/attendance-note-template-for-police-station-representatives  #CriminalDefence #PoliceStation #UKLaw","https://custodynote.com/blog/attendance-note-template-for-police-station-representatives","2026-07-01","09:30","draft","Generated draft — review before scheduling"
"X/Twitter","custodynote.com","Attendance Note Template for Police Station Representatives","Attendance Note Template for Police Station Representatives — practical UK criminal defence guidance. https://custodynote.com/blog/attendance-note-template-for-police-station-representatives","https://custodynote.com/blog/attendance-note-template-for-police-station-representatives","2026-07-03","12:30","draft","Generated draft — review before scheduling"